loss,binary_accuracy,f1_score_weighted,dataset,f1_score_per_class
0.039373695850372314,0.9853565692901611,0.8156337738037109,test,"[0.0, 0.3749999701976776, 0.6909089684486389, 0.9181817770004272, 0.7499999403953552, 0.9032257199287415, 0.0, 1.0, 0.8235293030738831, 0.666666567325592, 0.6666666269302368, 0.9999998211860657, 0.4999999403953552, 0.7999999523162842, 0.9565216898918152, 0.0, 0.666666567325592, 0.8852458000183105, 0.8669527173042297, 0.5999999642372131, 0.8826815485954285, 0.7727271914482117, 0.4827585518360138, 0.0, 0.6666666269302368]"
